labrador update,Goldy update,6,https://update
labrador,Goldy 1,13,https://google.cm
labrador,Goldy 2,14,https://google.com
armadillo,Goldy 3,15,https://google.com
armadillo,Goldy 4,16,https://google.com
sarpe,Goldy 5,2,https://google.com
sarpe,Goldy 6,3,https://google.com
labrador sarpe,Goldy 7,4,https://google.com
labrador armadillo sarpe,Goldy 8,5,https://google.com
armadillo sarpe,Goldy 9,6,https://google.com
armadillo sarpe,Goldy 10,6,https://google.com
armadillo sarpe,Goldy 10,6,https://google.com
armadillo sarpe,Goldy 10,6,https://google.com
armadillo sarpe,Goldy 10,6,https://google.com
armadillo sarpe,Goldy 10,6,https://google.com
armadillo sarpe,Goldy 10,6,https://google.com
armadillo sarpe,Goldy 10,6,https://google.com
armadillo sarpe,Goldy 10,6,https://google.com
armadillo sarpe,Goldy 10,6,https://google.com
armadillo sarpe,Goldy 10,6,https://google.com
armadillo sarpe,Goldy 10,6,https://google.com
